title,price,rating,reviews,availability
"guazmon Office Chair, High Back Computer Chair with Adjustable Lumbar Support.3D Armrest and Adjustable headrest,Desk Chair with tilt Function and Position Lock Load Capacity up to 150kg",$99.99,3.8 out of 5 stars,15 ratings,Only 12 left in stock - order soon
Amazon Basics Classic Faux Leather Office Desk Guest Chair with Metal Frame - Black,$79.40,4.5 out of 5 stars,"4,355 ratings",In Stock
Amazon Basics Classic Puresoft Padded Mid-Back Office Computer Desk Chair with Armrest - Black,$71.77,4.2 out of 5 stars,"29,264 ratings",In Stock
"Milliard Cozy Chair/Faux Fur Saucer Chair for Bedroom/X-Large,25D x 38W x 34H in (Grey)",$99.99,4.4 out of 5 stars,"5,705 ratings",In Stock
Amazon Basics Classic Puresoft Padded Mid-Back Office Computer Desk Chair with Armrest - Cream,$71.77,4.2 out of 5 stars,"29,264 ratings",In Stock
"AmazonCommercial Ergonomic High-Back Bonded Leather Executive Chair with Flip-Up Arms and Lumbar Support, Black",$209.99,4.3 out of 5 stars,"3,415 ratings",In Stock
"AmazonCommercial Ergonomic Executive Office Desk Chair with Flip-up Armrests and Adjustable Height, Tilt and Lumbar Support, Cream Bonded Leather",$263.69,4.3 out of 5 stars,"2,799 ratings",In Stock
"Amazon Basics Modern Armless Office Desk Chair - Height Adjustable, 360-Degree Swivel, 275Lb Capacity - Black/Chrome",$73.74,4.6 out of 5 stars,990 ratings,In Stock
"Amazon Basics Modern Dining Chair Set, Shell Chair with Wood Legs for Kitchen, Dining, Living Room - Set of 4, Black",$134.47,4.1 out of 5 stars,469 ratings,In Stock
"Amazon Basics Upholstered Home Office Chair with Arms, Adjustable-Height, 360 Degree Swivel Rolling Desk Chair - Beige",$136.89,4.3 out of 5 stars,257 ratings,In Stock
"Amazon Brand – Rivet Faux Leather Woven Dining Chair with Wood Frame, Set of 2, 18""W, Brown",$272.02,4.3 out of 5 stars,168 ratings,In Stock
"Amazon Basics Mesh, Mid-Back, Adjustable, Swivel Office Desk Chair with Armrests, Black",$61.87,4.4 out of 5 stars,"15,847 ratings",In Stock
"CangLong , Modern Mid-Century Side Chair with Natural Wood Legs for Kitchen, Living Dining Room, White",$49.99,4.5 out of 5 stars,"2,380 ratings",In Stock
"OLIXIS Guest Chair - Reception Chair Set of 2, Waiting Room Chair PU Leather Meeting Chairs Executive Chair with Lumbar Support and Padded Armrest, Black",$169.99,4.3 out of 5 stars,72 ratings,In Stock
"Amazon Basics Metal Dining Chairs, Dark Grey, 1 Count (Pack of 4)",$113.82,4.6 out of 5 stars,940 ratings,In Stock
"VECELO Metal Frame Steel Folding Mounted Chairs with Triple Braced & Double Hinged Back for Home Office,350-Pound Capacity,Orange, Pack of 4",$104.29,4.4 out of 5 stars,295 ratings,In Stock
"Bme Ergonomic Wicker Papasan Chair Soft Thick Density Fabric Cushion and High Capacity Steel Frame with 360 Degree Swivel for Livingroom, Bedroom, Reading Room, Leisure Lounge, Sepia Sand (Beige)",$185.00,4.5 out of 5 stars,60 ratings,Available to ship in 1-2 days
"HESL Office Chair Ergonomic Executive Office Chair Leather Desk Chair, Ergonomic Office Chair for Comfortable Working, Black Computer Chair,Comfy Office Chair with Padded Armrests",$139.99,Previous page,,In Stock
"NOBLEWELL Office Chair Ergonomic Office Chair High Back Mesh Computer Chair with Lumbar Support Adjustable Armrest, Backrest and Headrest",$139.99,4.2 out of 5 stars,"4,515 ratings",In Stock
"Bioopts Office Chair Computer Chair with Flip Up Armrests Mesh Chair Lumbar Support Ergonomic Chair Adjustable Swivel and Height,Desk Chair Gaming Chair for Adults and Teens",$134.99,4.5 out of 5 stars,52 ratings,In Stock
"STARY Dining Room Chairs Set of 2 with Natural Rattan Seat, Black",$269.99,Previous page of related Sponsored Products,,Usually ships within 2 to 3 days
"Rosevera Brayle Rosevara Furniture Reading Small Arm Living Room Comfy Accent Bedroom Chairs, Standard, Warm Beige",$134.99,4.5 out of 5 stars,61 ratings,In Stock
Home Office Chair Ergonomic Desk Chair Mesh Computer Chair with Lumbar Support Armrest Executive Rolling Swivel Adjustable Mid Back Task Chair for Women Adults (White),$49.99,4.3 out of 5 stars,"50,091 ratings",In Stock
"Ergonomic Office Chair, Reclining High Back Mesh Chair, Computer Desk Chair, Swivel Rolling Home Task Chair with Lumbar Support Pillow, Adjustable Headrest, Retractable Footrest and Padded Armrests",$125.99,4.3 out of 5 stars,595 ratings,In Stock
"CangLong Mid Century Modern Leisure Upholstered Metal Legs for Kitchen Living Room Dining Chair, Set of 2, Brown",$99.00,4.4 out of 5 stars,33 ratings,In Stock
"Mesh Ergonomic Office Chair with Flip Up Arms High Back Desk Chair -High Adjustable Headrest with Flip-Up Arms, Tilt Function, Lumbar Support Swivel Computer Chair Task Chair,Executive Chair, Black…",$159.99,4.4 out of 5 stars,28 ratings,Only 1 left in stock - order soon
"Office Desk Chair, Executive Office Chair, Home Office Drafting Chair, Zero Gravity Chairs, Comfortable Home Office Desk Chairs, with Armrest, Extanding Footrest, Backrest (All adjustable) Black",$159.99,5.0 out of 5 stars,2 ratings,Only 18 left in stock - order soon
"YI DANICA High Back Big & Tall 400lb Office Chair - Heavy Duty Metal Base, Adjustable Tilt Angle Large Bonded Leather Ergonomic Executive Desk Computer Swivel Chairs",$259.99,4.0 out of 5 stars,79 ratings,In Stock
"Tochiyoga Saucer Chairs for Adults, Folding Saucer Chair, Oversized Saucer Chair for Bedroom, Moon Chair, Papasan Chair (Green)",$129.99,4.4 out of 5 stars,42 ratings,In Stock
"JHK Gaming Chair Ergonomic Office Chair, PU Leather Gamer Chair with Padded Flip-up Armrests and Lumbar Support, Height Adjustable Computer Desk Chair PC Gaming Chair for Adults Teens, Black",$97.00,4.6 out of 5 stars,106 ratings,In Stock
"CangLong Furniture Modern Living Dining Room Accent Arm Chairs Club Guest with Gold Metal Legs, Set of 2, Navy Blue",$163.60,4.3 out of 5 stars,533 ratings,In Stock
EMIAH Armless Office Desk Chair No Wheels PU-Padded Vanity Chair Mid-Back Ergonomic Home Office Computer Chair Comfortable Adjustable Swivel Task Chair with Thickened Cushion,$219.99,4.5 out of 5 stars,454 ratings,In Stock
"Amazon Basics Padded Office Desk Chair with Armrests, Adjustable Height/Tilt, 360-Degree Swivel, 275Lb Capacity - Black",$87.81,4.3 out of 5 stars,"28,622 ratings",In Stock
"Office Chair,Ergonomic Home Task Chair,Adjustable Big Home Office Chairs with Lumbar Support,Breathable Fishnet Mesh Backrest Computer Chair with Adjust Headrest,Tall Office Chairs,Black",$259.99,5.0 out of 5 stars,9 ratings,In Stock
WUDOYO Wide Rubber Office Chair Wheels Replacement Against Hair Stuck Heavy Duty for Carpet Wood Tile Floor(Without Locks),$30.00,4.8 out of 5 stars,36 ratings,In Stock
"WELL-STRONG Saucer Chair, Faux Fur Bedroom Chair, Oversized Living Room Chair, Comfy Folding Chair with Metal Frame, Cozy Furry Padded Chair for Home, Bedroom, Living Room, White",$79.99,3.8 out of 5 stars,15 ratings,Only 12 left in stock - order soon
GDFStudio Westeros Traditional Wingback Fabric Recliner Chair (White & Blue Floral),$210.26,4.4 out of 5 stars,"1,135 ratings",In Stock
"Lucky Theory Humble Crew Lightweight Desk Chair, Plastic, White White",$46.99,3.4 out of 5 stars,"1,108 ratings",In Stock
"Urban Shop Faux Fur Saucer Chair with Metal Frame, One Size, Blush",$67.99,4.5 out of 5 stars,"1,201 ratings",In Stock
BOLISS Office Chair Ergonomic Desk Chair Mesh Computer Chair Height Adjusting Arm Waist Support Function-Grey,$199.99,4.4 out of 5 stars,"1,364 ratings",In Stock
"Executive Office Chair, Ergonomic Leather Desk Chair - Widened Adjustable Headrest with Flip-Up Arms, High Back Computer Swivel Task Chair with Lumbar Support for Home Office, Brown (Brown, Large)",$189.00,4.8 out of 5 stars,75 ratings,In Stock
"Dowinx Gaming Chair Fabric with Pocket Spring Cushion, Massage Game Chair Cloth with Headrest, Ergonomic Computer Chair with Footrest 290LBS, Black",$189.99,4.3 out of 5 stars,512 ratings,In Stock
"Armless Small Home Office Desk Chair, Ergonomic Low Back Computer Chair, Adjustable Rolling Swivel Task Chair with Lumbar Support for Small Space, 1 Pack, Black",$55.15,4.5 out of 5 stars,701 ratings,In Stock
"COSCO Vinyl Folding Chair, 4 Pack, Black",$131.99,4.6 out of 5 stars,"4,228 ratings",In Stock
"Home Office Chair, Mid-Back Armless Twill Fabric Adjustable Swivel Task Chair for Small Space, Living Room, Make-up, Studying",$89.99,4.5 out of 5 stars,"1,445 ratings",In Stock
"AcozyHom Modern Large Cotton Fabric Lazy Chair，Accent Contemporary Lounge Chair, Single Steel Frame Leisure Sofa Chair with Armrests and A Side Pocket, Nanometer Grey",$148.49,4.7 out of 5 stars,"1,039 ratings",Only 13 left in stock - order soon
Monhey Office Chair - Ergonomic Office Chair with Lumbar Support & Flip-up Arms Home Office Desk Chairs Height Adjustable High Back Rockable Computer Chair Swivel 360° Warm Taupe Mesh Study Chair,$105.99,4.4 out of 5 stars,228 ratings,In Stock
SITMOD Gaming Chair with Footrest-PC Computer Ergonomic Video Game Chair-Backrest and Seat Height Adjustable Swivel Task Chair for Adults with Headrest and Lumbar Support(Black)-Fabric,$179.00,4.0 out of 5 stars,495 ratings,In Stock
"Christopher Knight Home Francie Fabric with Oak Finish Dining Chairs, 2-Pcs Set, Grey / Oak",$138.11,4.5 out of 5 stars,"1,100 ratings",In Stock
"HollyHOME Modern Fabric Lazy Chair, Accent Contemporary Lounge Chair, Single Steel Frame Leisure Sofa Chair with Armrests and A Side Pocket, Grey",$147.99,4.5 out of 5 stars,"4,034 ratings",In Stock
"Christopher Knight Home Colette Fabric Dining Chairs, 2-Pcs Set, Charcoal",$148.99,3.8 out of 5 stars,70 ratings,Only 8 left in stock - order soon
"Home Office Chair - Armless Computer Desk Chair Adjustable Cute Modern Task Rolling Chair with Lumbar Support for Make Up,Small Space, Bed Room",$85.99,4.5 out of 5 stars,446 ratings,In Stock
24KF Upholstered Living Room Chairs Modern Jade GreenTextured Velvet Accent Chair with Golden Metal Stand-Jade Green,$287.25,4.2 out of 5 stars,43 ratings,In Stock
Efomao Desk Office Chair Big High Back Chair PU Leather Computer Chair Managerial Executive Swivel Chair with Lumbar Support (Black),$299.00,4.5 out of 5 stars,229 ratings,In Stock
"Primy Office Chair Ergonomic Desk Chair with Adjustable Lumbar Support and Height, Swivel Breathable Desk Mesh Computer Chair with Flip up Armrests for Conference Room (Black)",$129.99,4.5 out of 5 stars,"1,094 ratings",In Stock
"Armen Living Summer Chair in Charcoal Fabric and Walnut Wood Finish, 31"" x 25"" x 22""",$99.47,4.4 out of 5 stars,"2,370 ratings",In Stock
"Greenstell Vanity Stool Chair Faux Fur with Storage, 15.7""L x 11.8""W x 19.4""H Soft Ottoman 4 Metal Legs with Anti-Slip Feet, Furry Padded Seat, Modern Multifunctional Chairs for Makeup, Bedroom White",$49.99,4.8 out of 5 stars,413 ratings,In Stock
"KERDOM Office Chair, Ergonomic Desk Chair, Breathable Mesh Computer Chair, Comfy Swivel Task Chair with Flip-up Armrests and Adjustable Height",$129.99,4.5 out of 5 stars,"1,844 ratings",In Stock
"Office Chair, FelixKing Ergonomic Desk Chair Breathable Mesh Chair with Adjustable High Back Lumbar Support Flip-up Armrests, Executive Rolling Swivel Comfy Task Computer Chair for Home Office (Black)",$149.99,4.4 out of 5 stars,170 ratings,In Stock
"QUICK HORSE Modern Luxury Fabric Accent Living Room Chair, Soft Lazy Sofa Chair with Lumbar Pillow, Bedroom Chair for Adults, Armrests and Side Pockets, Blue",$132.99,4.2 out of 5 stars,5 ratings,Only 9 left in stock - order soon
"Home Office Chair Work Desk Chair Comfort Ergonomic Swivel Computer Chair, Breathable Mesh Desk Chair, Lumbar Support Task Chair with Wheels and Flip-up Arms and Adjustable Height",$119.98,4.9 out of 5 stars,77 ratings,In Stock
"Urban Shop Micromink Saucer Chair, Light Blue Mint",$37.97,4.5 out of 5 stars,297 ratings,In Stock
"Desk Chair - Office Chair Computer Chair with Wheels Ergonomic Home Office Chair with Lumbar Support and Fixed Armrests, Mid Back Mesh Chair Rolling Swivel Chair，Black",$41.30,4.3 out of 5 stars,532 ratings,In Stock
"Roundhill Furniture Biony Tan Fabric Dining Chairs with Nailhead Trim, Set of 2, Brown, Tan",$123.00,4.4 out of 5 stars,"3,531 ratings",In Stock
"YSSOA Backrest and Seat Height Adjustable Swivel Recliner Racing Office Computer Ergonomic Video Game Chair, Red/Black",$109.99,3.8 out of 5 stars,"2,963 ratings",In Stock
"Big Joe Milano Bean Bag Chair, Denim Cobalt Lenox, 2.5ft",$54.43,4.4 out of 5 stars,"14,533 ratings",In Stock
"Office Chair, Ergonomic Desk Chair with Adjustable Lumbar Support, High Back Mesh Computer Chair with Flip-up Armrests-BIFMA Passed Task Chairs, Executive Chair for Home Office",$149.99,4.6 out of 5 stars,"3,278 ratings",In Stock
